hpo_id,name
HP:0000006,Autosomal dominant inheritance
HP:0000007,Autosomal recessive inheritance
HP:0000010,Recurrent urinary tract infections
HP:0000020,Urinary incontinence
HP:0000023,Inguinal hernia
HP:0000028,Cryptorchidism
HP:0000047,Hypospadias
HP:0000054,Micropenis
HP:0000076,Vesicoureteral reflux
HP:0000083,Renal insufficiency
HP:0000093,Proteinuria
HP:0000126,Hydronephrosis
HP:0000135,Hypogonadism
HP:0000154,Wide mouth
HP:0000158,Macroglossia
HP:0000160,Narrow mouth
HP:0000164,Abnormality of the dentition
HP:0000175,Cleft palate
HP:0000179,Thick lower lip vermilion
HP:0000193,Bifid uvula
HP:0000194,Open mouth
HP:0000212,Gingival overgrowth
HP:0000218,High palate
HP:0000219,Thin upper lip vermilion
HP:0000232,Everted lower lip vermilion
HP:0000233,Thin vermilion border
HP:0000238,Hydrocephalus
HP:0000248,Brachycephaly
HP:0000252,Microcephaly
HP:0000256,Macrocephaly
HP:0000268,Dolichocephaly
HP:0000272,Malar flattening
HP:0000276,Long face
HP:0000278,Retrognathia
HP:0000280,Coarse facial features
HP:0000286,Epicanthus
HP:0000293,Full cheeks
HP:0000294,Low anterior hairline
HP:0000303,Mandibular prognathia
HP:0000307,Pointed chin
HP:0000311,Round face
HP:0000316,Hypertelorism
HP:0000319,Smooth philtrum
HP:0000322,Short philtrum
HP:0000324,Facial asymmetry
HP:0000325,Triangular face
HP:0000327,Hypoplasia of the maxilla
HP:0000337,Broad forehead
HP:0000340,Sloping forehead
HP:0000341,Narrow forehead
HP:0000343,Long philtrum
HP:0000347,Micrognathia
HP:0000348,High forehead
HP:0000358,Posteriorly rotated ears
HP:0000365,Hearing impairment
HP:0000369,Low-set ears
HP:0000377,Abnormal pinna morphology
HP:0000400,Macrotia
HP:0000403,Recurrent otitis media
HP:0000405,Conductive hearing impairment
HP:0000407,Sensorineural hearing impairment
HP:0000411,Protruding ear
HP:0000414,Bulbous nose
HP:0000426,Prominent nasal bridge
HP:0000430,Underdeveloped nasal alae
HP:0000431,Wide nasal bridge
HP:0000445,Wide nose
HP:0000448,Prominent nose
HP:0000455,Broad nasal tip
HP:0000463,Anteverted nares
HP:0000465,Webbed neck
HP:0000470,Short neck
HP:0000482,Microcornea
HP:0000483,Astigmatism
HP:0000486,Strabismus
HP:0000490,Deeply set eye
HP:0000494,Downslanted palpebral fissures
HP:0000501,Glaucoma
HP:0000505,Visual impairment
HP:0000506,Telecanthus
HP:0000508,Ptosis
HP:0000510,Rod-cone dystrophy
HP:0000518,Cataract
HP:0000520,Proptosis
HP:0000527,Long eyelashes
HP:0000540,Hypermetropia
HP:0000541,Retinal detachment
HP:0000543,Optic disc pallor
HP:0000545,Myopia
HP:0000565,Esotropia
HP:0000568,Microphthalmia
HP:0000572,Visual loss
HP:0000574,Thick eyebrow
HP:0000577,Exotropia
HP:0000581,Blepharophimosis
HP:0000582,Upslanted palpebral fissure
HP:0000592,Blue sclerae
HP:0000601,Hypotelorism
HP:0000612,Iris coloboma
HP:0000613,Photophobia
HP:0000618,Blindness
HP:0000639,Nystagmus
HP:0000646,Amblyopia
HP:0000648,Optic atrophy
HP:0000657,Oculomotor apraxia
HP:0000662,Nyctalopia
HP:0000664,Synophrys
HP:0000668,Hypodontia
HP:0000670,Carious teeth
HP:0000678,Dental crowding
HP:0000684,Delayed eruption of teeth
HP:0000687,Widely spaced teeth
HP:0000689,Dental malocclusion
HP:0000691,Microdontia
HP:0000708,Atypical behavior
HP:0000716,Depression
HP:0000717,Autism
HP:0000718,Aggressive behavior
HP:0000726,Dementia
HP:0000729,Autistic behavior
HP:0000733,Motor stereotypy
HP:0000737,Irritability
HP:0000739,Anxiety
HP:0000750,Delayed speech and language development
HP:0000752,Hyperactivity
HP:0000767,Pectus excavatum
HP:0000768,Pectus carinatum
HP:0000774,Narrow chest
HP:0000819,Diabetes mellitus
HP:0000821,Hypothyroidism
HP:0000822,Hypertension
HP:0000823,Delayed puberty
HP:0000926,Platyspondyly
HP:0000938,Osteopenia
HP:0000939,Osteoporosis
HP:0000952,Jaundice
HP:0000954,Single transverse palmar crease
HP:0000958,Dry skin
HP:0000962,Hyperkeratosis
HP:0000964,Eczematoid dermatitis
HP:0000969,Edema
HP:0000978,Bruising susceptibility
HP:0000989,Pruritus
HP:0001007,Hirsutism
HP:0001156,Brachydactyly
HP:0001159,Syndactyly
HP:0001162,Postaxial hand polydactyly
HP:0001166,Arachnodactyly
HP:0001182,Tapered finger
HP:0001249,Intellectual disability
HP:0001250,Seizure
HP:0001251,Ataxia
HP:0001252,Hypotonia
HP:0001254,Lethargy
HP:0001256,Mild intellectual disability
HP:0001257,Spasticity
HP:0001258,Spastic paraplegia
HP:0001260,Dysarthria
HP:0001263,Global developmental delay
HP:0001265,Hyporeflexia
HP:0001266,Choreoathetosis
HP:0001268,Mental deterioration
HP:0001270,Motor delay
HP:0001272,Cerebellar atrophy
HP:0001274,Agenesis of corpus callosum
HP:0001276,Hypertonia
HP:0001284,Areflexia
HP:0001288,Gait disturbance
HP:0001290,Generalized hypotonia
HP:0001298,Encephalopathy
HP:0001300,Parkinsonism
HP:0001302,Pachygyria
HP:0001305,Dandy-Walker malformation
HP:0001310,Dysmetria
HP:0001319,Neonatal hypotonia
HP:0001320,Cerebellar vermis hypoplasia
HP:0001321,Cerebellar hypoplasia
HP:0001324,Muscle weakness
HP:0001328,Specific learning disability
HP:0001332,Dystonia
HP:0001336,Myoclonus
HP:0001337,Tremor
HP:0001344,Absent speech
HP:0001347,Hyperreflexia
HP:0001357,Plagiocephaly
HP:0001363,Craniosynostosis
HP:0001371,Flexion contracture
HP:0001382,Joint hypermobility
HP:0001385,Hip dysplasia
HP:0001387,Joint stiffness
HP:0001394,Cirrhosis
HP:0001397,Hepatic steatosis
HP:0001419,X-linked recessive inheritance
HP:0001433,Hepatosplenomegaly
HP:0001508,Failure to thrive
HP:0001510,Growth delay
HP:0001511,Intrauterine growth retardation
HP:0001513,Obesity
HP:0001518,Small for gestational age
HP:0001522,Death in infancy
HP:0001537,Umbilical hernia
HP:0001558,Decreased fetal movement
HP:0001561,Polyhydramnios
HP:0001562,Oligohydramnios
HP:0001596,Alopecia
HP:0001622,Premature birth
HP:0001627,Abnormal heart morphology
HP:0001629,Ventricular septal defect
HP:0001631,Atrial septal defect
HP:0001634,Mitral valve prolapse
HP:0001635,Congestive heart failure
HP:0001636,Tetralogy of Fallot
HP:0001638,Cardiomyopathy
HP:0001639,Hypertrophic cardiomyopathy
HP:0001642,Pulmonic stenosis
HP:0001643,Patent ductus arteriosus
HP:0001644,Dilated cardiomyopathy
HP:0001653,Mitral regurgitation
HP:0001655,Patent foramen ovale
HP:0001744,Splenomegaly
HP:0001761,Pes cavus
HP:0001762,Talipes equinovarus
HP:0001763,Pes planus
HP:0001773,Short foot
HP:0001824,Weight loss
HP:0001873,Thrombocytopenia
HP:0001875,Decreased total neutrophil count
HP:0001876,Pancytopenia
HP:0001888,Decreased total lymphocyte count
HP:0001903,Anemia
HP:0001942,Metabolic acidosis
HP:0001943,Hypoglycemia
HP:0001945,Fever
HP:0001999,Abnormal facial shape
HP:0002007,Frontal bossing
HP:0002013,Vomiting
HP:0002014,Diarrhea
HP:0002015,Dysphagia
HP:0002019,Constipation
HP:0002020,Gastroesophageal reflux
HP:0002023,Anal atresia
HP:0002027,Abdominal pain
HP:0002028,Chronic diarrhea
HP:0002033,Poor suck
HP:0002059,Cerebral atrophy
HP:0002061,Lower limb spasticity
HP:0002063,Rigidity
HP:0002066,Gait ataxia
HP:0002067,Bradykinesia
HP:0002069,Bilateral tonic-clonic seizure
HP:0002072,Chorea
HP:0002079,Hypoplasia of the corpus callosum
HP:0002080,Intention tremor
HP:0002089,Pulmonary hypoplasia
HP:0002092,Pulmonary arterial hypertension
HP:0002093,Respiratory insufficiency
HP:0002094,Dyspnea
HP:0002098,Respiratory distress
HP:0002104,Apnea
HP:0002110,Bronchiectasis
HP:0002119,Ventriculomegaly
HP:0002120,Cerebral cortical atrophy
HP:0002121,Generalized non-motor (absence) seizure
HP:0002126,Polymicrogyria
HP:0002133,Status epilepticus
HP:0002136,Broad-based gait
HP:0002151,Increased circulating lactate concentration
HP:0002155,Hypertriglyceridemia
HP:0002187,Profound intellectual disability
HP:0002188,Delayed CNS myelination
HP:0002194,Delayed gross motor development
HP:0002205,Recurrent respiratory infections
HP:0002209,Sparse scalp hair
HP:0002240,Hepatomegaly
HP:0002307,Drooling
HP:0002315,Headache
HP:0002317,Unsteady gait
HP:0002342,Moderate intellectual disability
HP:0002353,EEG abnormality
HP:0002359,Frequent falls
HP:0002360,Sleep disturbance
HP:0002373,Febrile seizure (within the age range of 3 months to 6 years)
HP:0002376,Developmental regression
HP:0002384,Focal impaired awareness seizure
HP:0002421,Poor head control
HP:0002460,Distal muscle weakness
HP:0002465,Poor speech
HP:0002500,Abnormal cerebral white matter morphology
HP:0002505,Loss of ambulation
HP:0002510,Spastic tetraplegia
HP:0002515,Waddling gait
HP:0002521,Hypsarrhythmia
HP:0002540,Inability to walk
HP:0002553,Highly arched eyebrow
HP:0002643,Neonatal respiratory distress
HP:0002650,Scoliosis
HP:0002705,"High, narrow palate"
HP:0002714,Downturned corners of mouth
HP:0002716,Lymphadenopathy
HP:0002719,Recurrent infections
HP:0002721,Immunodeficiency
HP:0002750,Delayed skeletal maturation
HP:0002751,Kyphoscoliosis
HP:0002757,Recurrent fractures
HP:0002804,Arthrogryposis multiplex congenita
HP:0002808,Kyphosis
HP:0002827,Hip dislocation
HP:0002829,Arthralgia
HP:0002857,Genu valgum
HP:0002878,Respiratory failure
HP:0002910,Elevated circulating hepatic transaminase concentration
HP:0002936,Distal sensory impairment
HP:0002938,Lumbar hyperlordosis
HP:0003128,Lactic acidosis
HP:0003155,Elevated circulating alkaline phosphatase concentration
HP:0003196,Short nose
HP:0003198,Myopathy
HP:0003202,Skeletal muscle atrophy
HP:0003236,Elevated circulating creatine kinase activity
HP:0003251,Male infertility
HP:0003307,Hyperlordosis
HP:0003326,Myalgia
HP:0003394,Muscle spasm
HP:0003477,Peripheral axonal neuropathy
HP:0003487,Babinski sign
HP:0003557,Increased variability in muscle fiber diameter
HP:0003577,Congenital onset
HP:0003581,Adult onset
HP:0003584,Late onset
HP:0003593,Infantile onset
HP:0003596,Middle age onset
HP:0003621,Juvenile onset
HP:0003623,Neonatal onset
HP:0003676,Progressive
HP:0003677,Slowly progressive
HP:0003693,Distal amyotrophy
HP:0003701,Proximal muscle weakness
HP:0003774,Stage 5 chronic kidney disease
HP:0003819,Death in childhood
HP:0003829,Typified by incomplete penetrance
HP:0004209,Clinodactyly of the 5th finger
HP:0004279,Short palm
HP:0004322,Short stature
HP:0004325,Decreased body weight
HP:0005280,Depressed nasal bridge
HP:0005484,Secondary microcephaly
HP:0006532,Recurrent pneumonia
HP:0007018,Attention deficit hyperactivity disorder
HP:0007256,Abnormal pyramidal sign
HP:0007340,Lower limb muscle weakness
HP:0007359,Focal-onset seizure
HP:0007663,Reduced visual acuity
HP:0007957,Corneal opacity
HP:0008064,Ichthyosis
HP:0008070,Sparse hair
HP:0008404,Nail dystrophy
HP:0008551,Microtia
HP:0008872,Feeding difficulties in infancy
HP:0008897,Postnatal growth retardation
HP:0008936,Axial hypotonia
HP:0008947,Floppy infant
HP:0009027,Foot dorsiflexor weakness
HP:0009830,Peripheral neuropathy
HP:0010049,Short metacarpal
HP:0010628,Facial palsy
HP:0010804,Tented upper lip vermilion
HP:0010864,Severe intellectual disability
HP:0011003,High myopia
HP:0011220,Prominent forehead
HP:0011304,Broad thumb
HP:0011344,Severe global developmental delay
HP:0011451,Primary microcephaly
HP:0011461,Fetal onset
HP:0011462,Young adult onset
HP:0011463,Childhood onset
HP:0011675,Arrhythmia
HP:0011800,Midface retrusion
HP:0011923,Decreased activity of mitochondrial complex I
HP:0011968,Feeding difficulties
HP:0012368,Flat face
HP:0012378,Fatigue
HP:0012385,Camptodactyly
HP:0012444,Brain atrophy
HP:0012450,Chronic constipation
HP:0012469,Infantile spasms
HP:0012471,Thick vermilion border
HP:0012745,Short palpebral fissure
HP:0025336,Delayed ability to sit
HP:0030084,Clinodactyly
HP:0030680,Abnormal cardiovascular system morphology
HP:0031936,Delayed ability to walk
HP:0032794,Myoclonic seizure
HP:0033725,Thin corpus callosum
HP:0045075,Sparse eyebrow
HP:0100490,Camptodactyly of finger
HP:0100543,Cognitive impairment
HP:0100704,Cerebral visual impairment
HP:0100716,Self-injurious behavior
HP:0200055,Small hand
HP:0200134,Epileptic encephalopathy
