match_id,player,team,passes,passes_complete,shots,goals,xg,pass_accuracy
7530,Aaron Mooy,Australia,64,48,0.0,0.0,0.0,75.0
7530,Andrew Nabbout,Australia,5,3,0.0,0.0,0.0,60.0
7530,Antoine Griezmann,France,21,10,5.0,1.0,1.3362585329999999,47.6
7530,Aziz Eraltay Behich,Australia,61,46,1.0,0.0,0.012084869,75.4
7530,Benjamin Pavard,France,73,54,1.0,0.0,0.030792372,74.0
7530,Blaise Matuidi,France,11,7,0.0,0.0,0.0,63.6
7530,Corentin Tolisso,France,68,57,0.0,0.0,0.0,83.8
7530,Daniel Arzani,Australia,4,2,0.0,0.0,0.0,50.0
7530,Hugo Lloris,France,19,15,0.0,0.0,0.0,78.9
7530,Jackson Irvine,Australia,4,3,0.0,0.0,0.0,75.0
7530,Josh Risdon,Australia,40,23,1.0,0.0,0.044451967,57.5
7530,Kylian Mbappé Lottin,France,21,19,1.0,0.0,0.011586021,90.5
7530,Lucas Hernández Pi,France,55,41,2.0,0.0,0.11589181500000001,74.5
7530,Mark Milligan,Australia,76,67,0.0,0.0,0.0,88.2
7530,Mathew Leckie,Australia,20,11,2.0,0.0,0.139994226,55.0
7530,Mathew Ryan,Australia,45,38,0.0,0.0,0.0,84.4
7530,Mile Jedinak,Australia,38,30,1.0,1.0,0.7835,78.9
7530,N'Golo Kanté,France,62,56,0.0,0.0,0.0,90.3
7530,Nabil Fekir,France,14,10,1.0,0.0,0.009332593,71.4
7530,Olivier Giroud,France,3,3,0.0,0.0,0.0,100.0
7530,Ousmane Dembélé,France,17,10,0.0,0.0,0.0,58.8
7530,Paul Pogba,France,58,48,1.0,0.0,0.050655685,82.8
7530,Raphaël Varane,France,70,60,0.0,0.0,0.0,85.7
7530,Robbie Kruse,Australia,13,11,0.0,0.0,0.0,84.6
7530,Samuel Yves Umtiti,France,57,55,1.0,0.0,0.007040045,96.5
7530,Tom Rogić,Australia,14,13,0.0,0.0,0.0,92.9
7530,Tomi Jurić,Australia,3,2,0.0,0.0,0.0,66.7
7530,Trent Sainsbury,Australia,57,45,0.0,0.0,0.0,78.9
7546,Alberto Junior Rodríguez Valdelomar,Peru,26,24,0.0,0.0,0.0,92.3
7546,Anderson Santamaría Bardales,Peru,34,32,0.0,0.0,0.0,94.1
7546,André Martín Carrillo Díaz,Peru,41,30,1.0,0.0,0.03232524,73.2
7546,Antoine Griezmann,France,35,24,2.0,0.0,0.092351041,68.6
7546,Benjamin Pavard,France,56,48,0.0,0.0,0.0,85.7
7546,Blaise Matuidi,France,36,24,1.0,0.0,0.039226346,66.7
7546,Christian Alberto Cueva Bravo,Peru,50,42,1.0,0.0,0.049853675,84.0
7546,Christian Guillermo Martín Ramos Garagay,Peru,47,40,0.0,0.0,0.0,85.1
7546,Hugo Lloris,France,23,15,0.0,0.0,0.0,65.2
7546,Jefferson Agustín Farfán Guadalupe,Peru,15,13,1.0,0.0,0.046855085,86.7
7546,José Paolo Guerrero Gonzáles,Peru,24,15,4.0,0.0,0.377814558,62.5
7546,Kylian Mbappé Lottin,France,31,21,2.0,1.0,1.20909485,67.7
7546,Lucas Hernández Pi,France,34,28,2.0,0.0,0.169518572,82.4
7546,Luis Jan Piers Advíncula Castrillón,Peru,60,51,1.0,0.0,0.009771249,85.0
7546,Miguel Ángel Trauco Saavedra,Peru,78,53,0.0,0.0,0.0,67.9
7546,N'Golo Kanté,France,50,45,0.0,0.0,0.0,90.0
7546,Nabil Fekir,France,4,3,0.0,0.0,0.0,75.0
7546,Olivier Giroud,France,25,14,2.0,0.0,0.17133510000000002,56.0
7546,Ousmane Dembélé,France,9,6,1.0,0.0,0.07033722,66.7
7546,Paul Pogba,France,60,45,1.0,0.0,0.009108837,75.0
7546,Pedro David Gallese Quiróz,Peru,19,11,0.0,0.0,0.0,57.9
7546,Pedro Jesús Aquino Sánchez,Peru,67,56,1.0,0.0,0.032040957,83.6
7546,Raphaël Varane,France,43,34,1.0,0.0,0.10144759,79.1
7546,Raúl Mario Ruidíaz Misitich,Peru,1,1,0.0,0.0,0.0,100.0
7546,Samuel Yves Umtiti,France,29,25,0.0,0.0,0.0,86.2
7546,Víctor Yoshimar Yotún Flores,Peru,30,24,1.0,0.0,0.002964359,80.0
7546,Édison Michael Flores Peralta,Peru,56,44,2.0,0.0,0.07359611199999999,78.6
7563,Andreas Christensen,Denmark,26,23,0.0,0.0,0.0,88.5
7563,Andreas Evald Cornelius,Denmark,19,8,0.0,0.0,0.0,42.1
7563,Antoine Griezmann,France,42,29,2.0,0.0,0.031989345,69.0
7563,Benjamin Mendy,France,35,26,0.0,0.0,0.0,74.3
7563,Christian Dannemann Eriksen,Denmark,35,21,3.0,0.0,0.10715434900000001,60.0
7563,Djibril Sidibé,France,99,83,0.0,0.0,0.0,83.8
7563,Henrik Dalsgaard,Denmark,43,27,1.0,0.0,0.0052553928,62.8
7563,Jens Stryger Larsen,Denmark,30,21,0.0,0.0,0.0,70.0
7563,Kasper Dolberg,Denmark,5,4,0.0,0.0,0.0,80.0
7563,Kasper Schmeichel,Denmark,31,10,0.0,0.0,0.0,32.3
7563,Kylian Mbappé Lottin,France,12,9,0.0,0.0,0.0,75.0
7563,Lucas Hernández Pi,France,43,38,0.0,0.0,0.0,88.4
7563,Martin Braithwaite Christensen,Denmark,24,18,0.0,0.0,0.0,75.0
7563,Mathias Jørgensen Jatta,Denmark,30,26,0.0,0.0,0.0,86.7
7563,N'Golo Kanté,France,79,70,0.0,0.0,0.0,88.6
7563,Nabil Fekir,France,14,12,2.0,0.0,0.040871746,85.7
7563,Olivier Giroud,France,15,12,3.0,0.0,0.22661623,80.0
7563,Ousmane Dembélé,France,43,36,2.0,0.0,0.019790420000000003,83.7
7563,Pione Sisto Ifolo Emirmija,Denmark,13,7,0.0,0.0,0.0,53.8
7563,Presnel Kimpembe,France,76,68,0.0,0.0,0.0,89.5
7563,Raphaël Varane,France,89,79,1.0,0.0,0.07222413,88.8
7563,Simon Thorup Kjær,Denmark,39,30,0.0,0.0,0.0,76.9
7563,Steve Mandanda,France,25,20,0.0,0.0,0.0,80.0
7563,Steven N'Kemboanza Mike Christopher Nzonzi,France,73,61,0.0,0.0,0.0,83.6
7563,Thomas Delaney,Denmark,39,33,0.0,0.0,0.0,84.6
7563,Thomas Lemar,France,54,49,1.0,0.0,0.026648624,90.7
7563,Viktor Fischer,Denmark,8,8,1.0,0.0,0.026548343,100.0
7580,Antoine Griezmann,France,19,13,3.0,1.0,1.02876922,68.4
7580,Benjamin Pavard,France,27,25,1.0,1.0,0.024150338,92.6
7580,Blaise Matuidi,France,28,24,1.0,0.0,0.07552241,85.7
7580,Corentin Tolisso,France,10,6,0.0,0.0,0.0,60.0
7580,Cristian David Pavón,Argentina,32,21,0.0,0.0,0.0,65.6
7580,Enzo Nicolás Pérez,Argentina,38,36,0.0,0.0,0.0,94.7
7580,Faustino Marcos Alberto Rojo,Argentina,25,25,0.0,0.0,0.0,100.0
7580,Federico Julián Fazio,Argentina,27,21,0.0,0.0,0.0,77.8
7580,Florian Thauvin,France,1,1,0.0,0.0,0.0,100.0
7580,Franco Armani,Argentina,20,15,0.0,0.0,0.0,75.0
7580,Gabriel Iván Mercado,Argentina,80,74,1.0,1.0,0.28001544,92.5
7580,Hugo Lloris,France,24,17,0.0,0.0,0.0,70.8
7580,Javier Alejandro Mascherano,Argentina,60,51,0.0,0.0,0.0,85.0
7580,Kylian Mbappé Lottin,France,29,18,2.0,2.0,0.338766354,62.1
7580,Lionel Andrés Messi Cuccittini,Argentina,39,31,4.0,0.0,0.23996204799999998,79.5
7580,Lucas Hernández Pi,France,18,14,0.0,0.0,0.0,77.8
7580,Maximiliano Eduardo Meza,Argentina,13,10,0.0,0.0,0.0,76.9
7580,N'Golo Kanté,France,53,48,0.0,0.0,0.0,90.6
7580,Nabil Fekir,France,3,1,0.0,0.0,0.0,33.3
7580,Nicolás Alejandro Tagliafico,Argentina,30,25,0.0,0.0,0.0,83.3
7580,Nicolás Hernán Otamendi,Argentina,73,65,1.0,0.0,0.19252568,89.0
7580,Olivier Giroud,France,14,9,1.0,0.0,0.07977028,64.3
7580,Paul Pogba,France,44,34,1.0,0.0,0.09104843,77.3
7580,Raphaël Varane,France,35,33,0.0,0.0,0.0,94.3
7580,Samuel Yves Umtiti,France,45,40,0.0,0.0,0.0,88.9
7580,Sergio Leonel Agüero del Castillo,Argentina,9,6,2.0,1.0,0.34560817,66.7
7580,Ángel Fabián Di María Hernández,Argentina,26,14,3.0,1.0,0.361104782,53.8
7580,Éver Maximiliano David Banega,Argentina,63,54,1.0,0.0,0.027343327,85.7
8649,Antoine Griezmann,France,66,48,2.0,1.0,0.042225982,72.7
8649,Benjamin Pavard,France,84,72,1.0,0.0,0.006393214,85.7
8649,Corentin Tolisso,France,50,42,1.0,0.0,0.06060878,84.0
8649,Cristhian Ricardo Stuani Curbelo,Uruguay,13,3,1.0,0.0,0.013982514,23.1
8649,Cristian Gabriel Rodríguez Barrotti,Uruguay,15,10,2.0,0.0,0.09860022,66.7
8649,Diego Roberto Godín Leal,Uruguay,34,24,1.0,0.0,0.20940804,70.6
8649,Diego Sebastián Laxalt Suárez,Uruguay,24,15,0.0,0.0,0.0,62.5
8649,Hugo Lloris,France,29,15,0.0,0.0,0.0,51.7
8649,Jonathan Matías Urretaviscaya da Luz,Uruguay,18,10,0.0,0.0,0.0,55.6
8649,José Martín Cáceres Silva,Uruguay,52,29,2.0,0.0,0.086812663,55.8
8649,José María Giménez de Vargas,Uruguay,31,19,1.0,0.0,0.07621632,61.3
8649,Kylian Mbappé Lottin,France,31,25,1.0,0.0,0.15214236,80.6
8649,Lucas Hernández Pi,France,60,50,1.0,0.0,0.0074050077,83.3
8649,Lucas Torreira Di Pascua,Uruguay,45,29,0.0,0.0,0.0,64.4
8649,Luis Alberto Suárez Díaz,Uruguay,27,15,0.0,0.0,0.0,55.6
8649,Matías Vecino Falero,Uruguay,23,17,1.0,0.0,0.16249157,73.9
8649,Maximiliano Gómez González,Uruguay,3,2,0.0,0.0,0.0,66.7
8649,N'Golo Kanté,France,53,46,1.0,0.0,0.035039734,86.8
8649,Nabil Fekir,France,1,1,0.0,0.0,0.0,100.0
8649,Nahitan Michel Nández Acosta,Uruguay,33,21,1.0,0.0,0.015601887,63.6
8649,Néstor Fernando Muslera Micol,Uruguay,16,8,0.0,0.0,0.0,50.0
8649,Olivier Giroud,France,35,24,1.0,0.0,0.046135314,68.6
8649,Ousmane Dembélé,France,3,2,0.0,0.0,0.0,66.7
8649,Paul Pogba,France,77,59,1.0,0.0,0.006310853,76.6
8649,Raphaël Varane,France,39,30,2.0,1.0,0.182521713,76.9
8649,Rodrigo Bentancur Colmán,Uruguay,18,15,1.0,0.0,0.030082064,83.3
8649,Samuel Yves Umtiti,France,26,19,0.0,0.0,0.0,73.1
8649,Steven N'Kemboanza Mike Christopher Nzonzi,France,13,12,0.0,0.0,0.0,92.3
8655,Antoine Griezmann,France,38,33,5.0,0.0,0.20842411,86.8
8655,Axel Witsel,Belgium,58,57,1.0,0.0,0.017900085,98.3
8655,Benjamin Pavard,France,52,45,1.0,0.0,0.07446188,86.5
8655,Blaise Matuidi,France,23,21,3.0,0.0,0.184460212,91.3
8655,Corentin Tolisso,France,2,2,1.0,0.0,0.15595363,100.0
8655,Dries Mertens,Belgium,19,13,0.0,0.0,0.0,68.4
8655,Eden Hazard,Belgium,50,47,2.0,0.0,0.038098143,94.0
8655,Hugo Lloris,France,16,7,0.0,0.0,0.0,43.8
8655,Jan Vertonghen,Belgium,55,49,0.0,0.0,0.0,89.1
8655,Kevin De Bruyne,Belgium,60,41,2.0,0.0,0.112280763,68.3
8655,Kylian Mbappé Lottin,France,33,23,0.0,0.0,0.0,69.7
8655,Lucas Hernández Pi,France,34,25,0.0,0.0,0.0,73.5
8655,Marouane Fellaini-Bakkioui,Belgium,28,26,1.0,0.0,0.12076645,92.9
8655,Mousa Sidi Yaya Dembélé,Belgium,28,25,0.0,0.0,0.0,89.3
8655,N'Golo Kanté,France,45,41,0.0,0.0,0.0,91.1
8655,Nacer Chadli,Belgium,80,65,0.0,0.0,0.0,81.2
8655,Olivier Giroud,France,17,11,7.0,0.0,0.914366392,64.7
8655,Paul Pogba,France,32,29,1.0,0.0,0.06375324,90.6
8655,Raphaël Varane,France,39,35,0.0,0.0,0.0,89.7
8655,Romelu Lukaku Menama,Belgium,18,16,1.0,0.0,0.1676629,88.9
8655,Samuel Yves Umtiti,France,35,28,1.0,1.0,0.0802673,80.0
8655,Steven N'Kemboanza Mike Christopher Nzonzi,France,1,1,0.0,0.0,0.0,100.0
8655,Thibaut Courtois,Belgium,14,11,0.0,0.0,0.0,78.6
8655,Toby Alderweireld,Belgium,114,105,2.0,0.0,0.110159953,92.1
8655,Vincent Kompany,Belgium,95,91,0.0,0.0,0.0,95.8
8655,Yannick Ferreira Carrasco,Belgium,4,3,0.0,0.0,0.0,75.0
8658,Andrej Kramarić,Croatia,10,10,0.0,0.0,0.0,100.0
8658,Ante Rebić,Croatia,14,8,3.0,0.0,0.209038103,57.1
8658,Antoine Griezmann,France,27,18,2.0,1.0,0.81689769,66.7
8658,Benjamin Pavard,France,28,17,0.0,0.0,0.0,60.7
8658,Blaise Matuidi,France,24,18,0.0,0.0,0.0,75.0
8658,Corentin Tolisso,France,5,3,0.0,0.0,0.0,60.0
8658,Danijel Subašić,Croatia,10,8,0.0,0.0,0.0,80.0
8658,Dejan Lovren,Croatia,64,55,2.0,0.0,0.101757027,85.9
8658,Domagoj Vida,Croatia,48,42,2.0,0.0,0.26879686,87.5
8658,Hugo Lloris,France,27,16,0.0,0.0,0.0,59.3
8658,Ivan Perišić,Croatia,34,18,2.0,1.0,0.19619192,52.9
8658,Ivan Rakitić,Croatia,65,53,3.0,0.0,0.119028751,81.5
8658,Ivan Strinić,Croatia,28,20,0.0,0.0,0.0,71.4
8658,Kylian Mbappé Lottin,France,16,8,2.0,1.0,0.06342211,50.0
8658,Lucas Hernández Pi,France,32,22,0.0,0.0,0.0,68.8
8658,Luka Modrić,Croatia,77,66,0.0,0.0,0.0,85.7
8658,Marcelo Brozović,Croatia,99,87,0.0,0.0,0.0,87.9
8658,Mario Mandžukić,Croatia,28,21,1.0,1.0,0.5631902,75.0
8658,Marko Pjaca,Croatia,3,2,0.0,0.0,0.0,66.7
8658,N''Golo Kanté,France,11,7,0.0,0.0,0.0,63.6
8658,Nabil Fekir,France,4,1,1.0,0.0,0.009616094,25.0
8658,Olivier Giroud,France,23,14,1.0,0.0,0.06951273,60.9
8658,Paul Pogba,France,34,29,2.0,1.0,0.138514984,85.3
8658,Raphaël Varane,France,24,18,0.0,0.0,0.0,75.0
8658,Samuel Yves Umtiti,France,22,17,0.0,0.0,0.0,77.3
8658,Steven N''Kemboanza Mike Christopher Nzonzi,France,15,14,0.0,0.0,0.0,93.3
8658,Šime Vrsaljko,Croatia,74,58,2.0,0.0,0.0222848287,78.4
